{
    "pools": [
        {
            "rolls": 1,
            "entries": [
                {
                    "type": "item",
                    "name": "minecraft:carrot_on_a_stick",
                    "functions": [
                        {
                            "function": "set_nbt",
                            "tag": "{id:\"ifaz:once_clean\",display:{Name:\"{\\\"translate\\\":\\\"ifaz.item.once_clean.name\\\"}\",Lore:['[{\"translate\":\"ifaz.item.once_clean.lore\"}]']},CustomModelData:16590003}"
                        }
                    ]
                }
            ]
        }
    ]
}