{
    "pools": [
        {
            "rolls": 1,
            "entries": [
                {
                    "type": "item",
                    "name": "minecraft:carrot_on_a_stick",
                    "functions": [
                        {
                            "function": "set_nbt",
                            "tag": "{id:\"ifaz:upmagic\",display:{Name:\"{\\\"translate\\\":\\\"ifaz.item.upmagic.name\\\"}\",Lore:[\"{\\\"translate\\\":\\\"ifaz.item.upmagic.lore\\\"}\"]},CustomModelData:16590004}"
                        }
                    ]
                }
            ]
        }
    ]
}