{
    "parent": "item/handheld_rod",
    "textures": {
        "layer0": "item/carrot_on_a_stick"
    },
	"overrides": [
		{ "predicate": { "custom_model_data": 16590000 }, "model": "ifaz:cirbomb"},
		{ "predicate": { "custom_model_data": 16590001 }, "model": "ifaz:goldfour"},
		{ "predicate": { "custom_model_data": 16590002 }, "model": "ifaz:musiciller"},
		{ "predicate": { "custom_model_data": 16590003 }, "model": "ifaz:once_clean"},
		{ "predicate": { "custom_model_data": 16590004 }, "model": "ifaz:upmagic"},
		{ "predicate": { "custom_model_data": 16590005 }, "model": "ifaz:pack"}
	]
}