{
	"parent": "ifaz:items/root",
	"display": {
	  "icon": {
			"item": "minecraft:carrot_on_a_stick",
			"nbt": "{CustomModelData:16590003}"
	  },
	  "title": {
			"translate": "ifaz.advancements.once_clean.title"
	  },
	  "description": {
			"translate": "ifaz.advancements.once_clean.description"
	  },
	  "frame": "challenge",
	  "show_toast": true,
	  "announce_to_chat": true,
	  "hidden": false
	},
	"criteria": {
	  "crafting_table": {
			"trigger": "minecraft:impossible"
		}
	},
	"rewards": {
		"function": "ifaz:once_clean/give"
	}
}