{
	"display": {
	  "icon": {
			"item": "minecraft:carrot_on_a_stick",
			"nbt": "{CustomModelData:16590005}"
	  },
	  "title": {
			"translate": "ifaz.advancements.root.title"
	  },
	  "description": {
			"translate": "ifaz.advancements.root.description"
	  },
	  "frame": "task",
	  "show_toast": true,
	  "announce_to_chat": true,
	  "hidden": false,
	  "background": "minecraft:textures/block/light_blue_concrete_powder.png"
	},
	"criteria": {
	  "crafting_table": {
			"trigger": "minecraft:tick"
		}
	}
}